Short Name,Birthdate,Team,Match,Date,Competition,Season,Position Group,Minutes,Minutes TIP,Minutes OTIP,Minutes 1,Minutes 1 TIP,Minutes 1 OTIP,Minutes 2,Minutes 2 TIP,Minutes 2 OTIP,Physical Check Passed,Distance,M/min,Running Distance,HSR Distance,HSR Count,Sprint Distance,Sprint Count,HI Distance,HI Count,Medium Acceleration Count,High Acceleration Count,Medium Deceleration Count,High Deceleration Count,Explosive Acceleration to HSR Count,Time to HSR,Explosive Acceleration to Sprint Count,Time to Sprint,PSV-99,Distance P90,M/min P90,Running Distance P90,HSR Distance P90,HSR Count P90,Sprint Distance P90,Sprint Count P90,HI Distance P90,HI Count P90,Medium Acceleration Count P90,High Acceleration Count P90,Medium Deceleration Count P90,High Deceleration Count P90,Explosive Acceleration to HSR Count P90,Explosive Acceleration to Sprint Count P90,Distance TIP,M/min TIP,Running Distance TIP,HSR Distance TIP,HSR Count TIP,Sprint Distance TIP,Sprint Count TIP,HI Distance TIP,HI Count TIP,Medium Acceleration Count TIP,High Acceleration Count TIP,Medium Deceleration Count TIP,High Deceleration Count TIP, Explosive Acceleration to HSR Count TIP, Explosive Acceleration to Sprint Count TIP,Distance OTIP,M/min OTIP,Running Distance OTIP,HSR Distance OTIP,HSR Count OTIP,Sprint Distance OTIP,Sprint Count OTIP,HI Distance OTIP,HI Count OTIP,Medium Acceleration Count OTIP,High Acceleration Count OTIP,Medium Deceleration Count OTIP,High Deceleration Count OTIP,Explosive Acceleration to HSR Count OTIP,Explosive Acceleration to Sprint Count OTIP,Distance 1,M/min 1,Running Distance 1,HSR Distance 1,HSR Count 1,Sprint Distance 1,Sprint Count 1,HI Distance 1,HI Count 1,Medium Acceleration Count 1,High Acceleration Count 1,Medium Deceleration Count 1,High Deceleration Count 1,Explosive Acceleration to HSR Count 1,Explosive Acceleration to Sprint Count 1,Distance 1 TIP,M/min 1 TIP,Running Distance 1 TIP,HSR Distance 1 TIP,HSR Count 1 TIP,Sprint Distance 1 TIP,Sprint Count 1 TIP,HI Distance 1 TIP,HI Count 1 TIP,Medium Acceleration Count 1 TIP,High Acceleration Count 1 TIP,Medium Deceleration Count 1 TIP,High Deceleration Count 1 TIP, Explosive Acceleration to HSR Count 1 TIP, Explosive Acceleration to Sprint Count 1 TIP,Distance 1 OTIP,M/min 1 OTIP,Running Distance 1 OTIP,HSR Distance 1 OTIP,HSR Count 1 OTIP,Sprint Distance 1 OTIP,Sprint Count 1 OTIP,HI Distance 1 OTIP,HI Count 1 OTIP,Medium Acceleration Count 1 OTIP,High Acceleration Count 1 OTIP,Medium Deceleration Count 1 OTIP,High Deceleration Count 1 OTIP,Explosive Acceleration to HSR Count 1 OTIP,Explosive Acceleration to Sprint Count 1 OTIP,Distance 2,M/min 2,Running Distance 2,HSR Distance 2,HSR Count 2,Sprint Distance 2,Sprint Count 2,HI Distance 2,HI Count 2,Medium Acceleration Count 2,High Acceleration Count 2,Medium Deceleration Count 2,High Deceleration Count 2,Explosive Acceleration to HSR Count 2,Explosive Acceleration to Sprint Count 2,Distance 2 TIP,M/min 2 TIP,Running Distance 2 TIP,HSR Distance 2 TIP,HSR Count 2 TIP,Sprint Distance 2 TIP,Sprint Count 2 TIP,HI Distance 2 TIP,HI Count 2 TIP,Medium Acceleration Count 2 TIP,High Acceleration Count 2 TIP,Medium Deceleration Count 2 TIP,High Deceleration Count 2 TIP, Explosive Acceleration to HSR Count 2 TIP, Explosive Acceleration to Sprint Count 2 TIP,Distance 2 OTIP,M/min 2 OTIP,Running Distance 2 OTIP,HSR Distance 2 OTIP,HSR Count 2 OTIP,Sprint Distance 2 OTIP,Sprint Count 2 OTIP,HI Distance 2 OTIP,HI Count 2 OTIP,Medium Acceleration Count 2 OTIP,High Acceleration Count 2 OTIP,Medium Deceleration Count 2 OTIP,High Deceleration Count 2 OTIP,Explosive Acceleration to HSR Count 2 OTIP,Explosive Acceleration to Sprint Count 2 OTIP
K. Diatta,25/02/1999,Club Brugge KV,Club Brugge KV v LASK Linz,28/08/2019,UEFA - Champions League,2019/2020,Wide Attacker,95.2,30.35,23.65,46.1,17.92,12.83,49.1,12.43,10.82,TRUE,10810,113.55,1430,618,68,293,14,911,82,124,10,85,28,null,null,null,null,29.2,10219.54,113.55,1351.89,584.24,64.29,277,13.24,861.24,77.52,117.23,9.45,80.36,26.47,null,null,4099,135.06,615,345,36,220,8,565,44,48,3,27,7,null,null,3416,144.44,674,216,25,61,3,277,28,36,4,24,12,null,null,5657,122.71,808,341,37,138,7,479,44,75,4,50,16,null,null,2406,134.29,372,196,20,81,4,277,24,28,2,16,5,null,null,1887,147.04,373,115,13,48,2,163,15,23,1,14,7,null,null,5153,104.95,622,277,31,155,7,432,38,49,6,35,12,null,null,1693,136.17,243,149,16,139,4,288,20,20,1,11,2,null,null,1529,141.36,301,101,12,13,1,114,13,13,3,10,5,null,null
K. Diatta,25/02/1999,Club Brugge KV,Club Brugge KV v Galatasaray,18/09/2019,UEFA - Champions League,2019/2020,Full Back,95.43,25.12,27.2,45.88,12.52,14.92,49.55,12.6,12.28,TRUE,10228,107.17,1314,600,62,275,12,875,74,126,9,95,22,null,null,null,null,29.4,9645.69,107.17,1239.19,565.84,58.47,259.34,11.32,825.18,69.79,118.83,8.49,89.59,20.75,null,null,3532,140.62,655,338,29,188,7,526,36,38,4,25,5,null,null,3489,128.27,496,227,25,65,4,292,29,52,2,36,7,null,null,5275,114.97,708,294,33,209,9,503,42,59,3,48,9,null,null,1907,152.36,343,162,16,140,5,302,21,16,1,12,2,null,null,1821,122.08,249,111,13,48,3,159,16,26,1,19,3,null,null,4953,99.96,606,306,29,66,3,372,32,67,6,47,13,null,null,1625,128.97,312,176,13,48,2,224,15,22,3,13,3,null,null,1668,135.79,247,116,12,17,1,133,13,26,1,17,4,null,null
K. Diatta,25/02/1999,Club Brugge KV,Galatasaray v Club Brugge KV,26/11/2019,UEFA - Champions League,2019/2020,Wide Attacker,95.48,27.52,21.1,48.07,14,11.45,47.42,13.52,9.65,TRUE,10266,107.52,1317,702,71,273,14,975,85,110,10,85,19,null,null,null,null,29.4,9676.45,107.52,1241.37,661.69,66.92,257.32,13.2,919.01,80.12,103.68,9.43,80.12,17.91,null,null,3996,145.22,619,414,39,195,9,609,48,45,4,28,5,null,null,2847,134.93,506,206,22,34,2,240,24,33,2,23,5,null,null,5319,110.66,683,314,34,136,6,450,40,57,6,44,10,null,null,2003,143.07,308,174,18,104,4,278,22,26,3,14,3,null,null,1605,140.17,286,106,11,21,1,127,12,15,1,10,2,null,null,4947,104.33,634,388,37,137,8,525,45,53,4,41,9,null,null,1993,147.45,311,240,21,91,5,331,26,19,1,14,2,null,null,1242,128.7,220,100,11,13,1,113,12,18,1,13,3,null,null
K. Diatta,25/02/1999,AS Monaco,OGC Nice v AS Monaco,08/03/2021,FRA - Coupe de France,2020/2021,Wide Attacker,64.45,23.68,21.65,46.02,17.47,15.9,18.43,6.22,5.75,TRUE,8350,129.56,1509,573,50,173,10,746,60,91,7,77,18,null,null,null,null,30.2,11660.2,129.56,2107.21,800.16,69.82,241.58,13.96,1041.74,83.79,127.08,9.78,107.53,25.14,null,null,3190,134.69,616,212,18,72,2,284,20,32,2,21,4,null,null,3485,160.97,783,305,26,93,6,398,32,33,2,29,7,null,null,6004,130.47,1126,419,32,105,6,524,38,65,5,57,12,null,null,2321,132.88,442,158,11,30,1,188,12,24,1,16,3,null,null,2595,163.21,606,210,17,75,4,285,21,23,1,23,4,null,null,2346,127.27,383,154,18,68,4,222,22,26,2,20,6,null,null,869,139.79,174,54,7,42,1,96,8,8,1,5,1,null,null,890,154.78,177,95,9,18,2,113,11,10,1,6,3,null,null
K. Diatta,25/02/1999,AS Monaco,RC Strasbourg Alsace v AS Monaco,06/08/2022,FRA - Ligue 1,2022/2023,Wide Attacker,88.53,24.37,26.43,47.15,12.5,14.7,41.38,11.87,11.73,TRUE,10133,114.45,1565,829,82,273,18,1102,100,103,9,78,20,null,null,null,null,28.5,10300.87,114.45,1590.93,842.73,83.36,277.52,18.3,1120.26,101.66,104.71,9.15,79.29,20.33,null,null,3495,143.43,656,417,39,178,11,595,50,40,5,21,4,null,null,3823,144.63,808,351,32,62,4,413,36,37,2,28,7,null,null,5599,118.75,943,434,43,119,8,553,51,61,4,41,13,null,null,1820,145.6,368,167,15,61,3,228,18,19,3,8,2,null,null,2216,150.75,517,231,21,36,3,267,24,25,1,17,5,null,null,4534,109.56,622,395,39,154,10,549,49,42,5,37,7,null,null,1675,141.15,288,250,24,117,8,367,32,21,2,13,2,null,null,1607,136.96,291,120,11,26,1,146,12,12,1,11,2,null,null
K. Diatta,25/02/1999,AS Monaco,AS Monaco v Stade Rennais FC,13/08/2022,FRA - Ligue 1,2022/2023,Wide Attacker,86.07,19.38,29.3,49.93,11.05,17.45,36.13,8.33,11.85,TRUE,9457,109.88,1320,615,58,97,7,712,65,129,5,97,27,null,null,null,null,27.1,9889.19,109.88,1380.33,643.11,60.65,101.43,7.32,744.54,67.97,134.9,5.23,101.43,28.23,null,null,2588,133.52,502,238,21,31,1,269,22,29,0,22,1,null,null,4164,142.12,693,334,32,61,4,395,36,57,2,37,14,null,null,5743,115.01,785,383,37,66,4,449,41,84,4,62,20,null,null,1396,126.33,258,99,10,21,0,120,10,13,0,12,0,null,null,2688,154.04,460,254,24,45,3,299,27,39,2,27,12,null,null,3714,102.79,535,232,21,31,3,263,24,45,1,35,7,null,null,1192,143.04,244,139,11,10,1,149,12,16,0,10,1,null,null,1476,124.56,233,80,8,16,1,96,9,18,0,10,2,null,null
K. Diatta,25/02/1999,AS Monaco,AS Monaco v RC Lens,20/08/2022,FRA - Ligue 1,2022/2023,Wide Attacker,93.27,24.98,26.03,46.17,11.4,14.27,47.1,13.58,11.77,TRUE,10256,109.96,1595,575,54,108,7,683,61,104,6,79,20,null,null,null,null,28.3,9896.78,109.96,1539.14,554.86,52.11,104.22,6.75,659.08,58.86,100.36,5.79,76.23,19.3,null,null,3502,140.17,642,220,20,72,5,292,25,38,2,24,4,null,null,3746,143.89,803,315,27,30,1,345,28,42,2,29,8,null,null,5316,115.15,910,345,33,93,5,438,38,56,3,39,14,null,null,1644,144.21,318,123,13,59,4,182,17,19,1,11,2,null,null,2176,152.52,515,210,16,28,1,238,17,24,1,16,6,null,null,4940,104.88,685,230,21,15,2,245,23,48,3,40,6,null,null,1858,136.79,324,97,7,13,1,110,8,19,1,13,2,null,null,1570,133.43,288,105,11,2,0,107,11,18,1,13,2,null,null
K. Diatta,25/02/1999,AS Monaco,OGC Nice v AS Monaco,04/09/2022,FRA - Ligue 1,2022/2023,Wide Attacker,97.52,26.25,31.3,48.18,14.02,15.52,49.33,12.23,15.78,TRUE,10567,108.36,1416,597,58,144,6,741,64,106,9,98,19,null,null,null,null,29.8,9752.49,108.36,1306.85,550.98,53.53,132.9,5.54,683.88,59.07,97.83,8.31,90.45,17.54,null,null,3584,136.53,639,300,29,85,3,385,32,46,2,31,6,null,null,4011,128.15,614,239,24,28,0,267,24,46,3,47,8,null,null,5354,111.12,726,270,26,51,2,321,28,56,4,55,9,null,null,1957,139.62,374,130,14,25,1,155,15,26,1,18,3,null,null,2007,129.34,274,121,12,15,0,136,12,23,2,26,4,null,null,5213,105.67,690,327,32,93,4,420,36,50,5,43,10,null,null,1627,133,265,170,15,60,2,230,17,20,1,13,3,null,null,2004,126.97,340,118,12,13,0,131,12,23,1,21,4,null,null
K. Diatta,25/02/1999,AS Monaco,AS Monaco v Olympique Lyonnais,11/09/2022,FRA - Ligue 1,2022/2023,Wide Attacker,88.22,19.7,30.38,47.07,12.85,18.47,41.15,6.85,11.92,TRUE,9977,113.1,1438,648,65,279,17,927,82,96,6,82,17,null,null,null,null,28.8,10178.69,113.1,1467.07,661.1,66.31,284.64,17.34,945.74,83.66,97.94,6.12,83.66,17.34,null,null,3092,156.95,640,364,35,208,13,572,48,28,2,14,5,null,null,4033,132.74,650,218,22,48,2,266,24,41,3,39,6,null,null,5536,117.62,785,331,34,140,10,471,44,53,4,45,10,null,null,1903,148.09,378,192,18,103,8,295,26,17,1,10,4,null,null,2385,129.15,343,118,11,26,1,144,12,22,2,21,4,null,null,4441,107.92,653,317,31,139,7,456,38,43,2,37,7,null,null,1189,173.58,262,172,17,105,5,277,22,11,1,4,1,null,null,1648,138.29,307,100,11,22,1,122,12,19,1,18,2,null,null
K. Diatta,25/02/1999,AS Monaco,AS Monaco v Ferencvarosi TC,15/09/2022,UEFA - Europa League,2022/2023,Wide Attacker,47.17,11.82,13.77,47.17,11.82,13.77,0,0,0,TRUE,5720,121.27,776,362,34,131,8,493,42,65,6,54,9,null,null,null,null,28.7,10914.49,121.27,1480.71,690.74,64.88,249.96,15.27,940.71,80.14,124.03,11.45,103.04,17.17,null,null,1826,154.53,266,212,17,98,4,310,21,21,1,14,2,null,null,2117,153.78,429,117,12,25,2,142,14,25,3,16,3,null,null,5720,121.27,776,362,34,131,8,493,42,65,6,54,9,null,null,1826,154.53,266,212,17,98,4,310,21,21,1,14,2,null,null,2117,153.78,429,117,12,25,2,142,14,25,3,16,3,null,null,null,null,null,null,null,null,null,null,null,null,null,null,null,null,null,null,null,null,null,null,null,null,null,null,null,null,null,null,null,null,null,null,null,null,null,null,null,null,null,null,null,null,null,null,null
K. Diatta,25/02/1999,AS Monaco,AS Monaco v FC Nantes,02/10/2022,FRA - Ligue 1,2022/2023,Wide Attacker,93.25,27.1,29.72,46.1,14.3,14.12,47.15,12.8,15.6,TRUE,10413,111.67,1322,776,72,319,16,1095,88,105,5,90,19,null,null,null,null,29.5,10050.08,111.67,1275.92,748.95,69.49,307.88,15.44,1056.84,84.93,101.34,4.83,86.86,18.34,null,null,3733,137.75,641,409,36,186,9,595,45,40,2,25,3,null,null,4039,135.92,603,303,31,115,5,418,36,42,1,34,7,null,null,5320,115.4,755,362,37,162,9,524,46,60,4,50,12,null,null,1939,135.59,359,169,16,72,4,241,20,21,1,12,1,null,null,2057,145.71,348,164,19,85,4,249,23,24,1,19,5,null,null,5093,108.02,567,414,35,157,7,571,42,45,1,40,7,null,null,1794,140.16,282,240,20,114,5,354,25,19,1,13,2,null,null,1982,127.05,255,139,12,30,1,169,13,18,0,15,2,null,null
K. Diatta,25/02/1999,AS Monaco,AS Monaco v Trabzonspor,06/10/2022,UEFA - Europa League,2022/2023,Wide Attacker,100.13,30.52,25.33,51.08,13.43,12.23,49.05,17.08,13.1,TRUE,10930,109.15,1490,529,55,173,9,702,64,109,9,98,18,null,null,null,null,29.5,9823.9,109.15,1339.21,475.47,49.43,155.49,8.09,630.96,57.52,97.97,8.09,88.08,16.18,null,null,4363,142.97,804,328,32,70,5,398,37,53,4,43,5,null,null,3430,135.39,549,159,15,97,2,256,17,40,2,27,7,null,null,5374,105.2,820,266,25,41,3,307,28,57,4,52,9,null,null,2000,148.88,441,165,14,32,2,197,16,27,1,24,2,null,null,1674,136.84,295,83,7,4,0,87,7,21,1,13,5,null,null,5556,113.27,670,263,30,132,6,395,36,52,5,46,9,null,null,2363,138.32,363,163,18,38,3,201,21,26,3,19,3,null,null,1756,134.05,254,76,8,93,2,169,10,19,1,14,2,null,null
K. Diatta,25/02/1999,AS Monaco,Montpellier Hérault SC v AS Monaco,09/10/2022,FRA - Ligue 1,2022/2023,Wide Attacker,49.15,12.35,13.25,0,0,0,49.15,12.35,13.25,TRUE,5667,115.3,970,307,31,109,6,416,37,49,2,46,7,null,null,null,null,30.2,10377.01,115.3,1776.2,562.16,56.77,199.59,10.99,761.75,67.75,89.73,3.66,84.23,12.82,null,null,1959,158.62,494,185,18,65,3,250,21,17,1,11,2,null,null,1865,140.75,324,79,7,32,2,111,9,21,1,16,3,null,null,null,null,null,null,null,null,null,null,null,null,null,null,null,null,null,null,null,null,null,null,null,null,null,null,null,null,null,null,null,null,null,null,null,null,null,null,null,null,null,null,null,null,null,null,null,5667,115.3,970,307,31,109,6,416,37,49,2,46,7,null,null,1959,158.62,494,185,18,65,3,250,21,17,1,11,2,null,null,1865,140.75,324,79,7,32,2,111,9,21,1,16,3,null,null
K. Diatta,25/02/1999,AS Monaco,Trabzonspor v AS Monaco,13/10/2022,UEFA - Europa League,2022/2023,Wide Attacker,63.55,15.93,15.63,48.6,13.17,12.6,14.95,2.77,3.03,TRUE,7347,115.61,1278,425,45,157,10,582,55,81,6,67,14,null,null,null,null,29.3,10404.88,115.61,1809.91,601.89,63.73,222.34,14.16,824.23,77.89,114.71,8.5,94.89,19.83,null,null,2590,162.55,651,248,25,109,6,357,31,33,3,24,5,null,null,2303,147.31,450,124,14,30,3,154,17,22,1,21,2,null,null,5835,120.06,996,351,37,142,9,493,46,64,5,55,12,null,null,2078,157.82,486,201,20,105,6,306,26,27,2,18,4,null,null,1944,154.29,384,118,13,30,3,148,16,19,1,18,2,null,null,1512,101.14,282,74,8,15,1,89,9,17,1,12,2,null,null,512,185.06,165,47,5,4,0,51,5,6,1,6,1,null,null,359,118.35,66,6,1,0,0,6,1,3,0,3,0,null,null
K. Diatta,25/02/1999,AS Monaco,AS Monaco v Clermont Foot 63,16/10/2022,FRA - Ligue 1,2022/2023,Wide Attacker,76.27,14.45,28.57,27.48,5.92,10.08,48.78,8.53,18.48,TRUE,8896,116.64,1448,498,52,99,6,597,58,115,9,89,22,null,null,null,null,27.3,10497.9,116.64,1708.74,587.67,61.36,116.83,7.08,704.5,68.44,135.71,10.62,105.03,25.96,null,null,2181,150.93,461,206,20,39,3,245,23,26,3,18,4,null,null,4309,150.84,881,263,26,55,2,318,28,60,3,45,10,null,null,3149,114.58,465,210,22,58,3,268,25,46,3,29,10,null,null,811,137.07,158,103,8,18,1,121,9,7,1,5,2,null,null,1517,150.45,282,99,11,35,1,134,12,25,1,14,3,null,null,5747,117.81,983,288,30,41,3,329,33,69,6,60,12,null,null,1370,160.55,303,103,12,21,2,124,14,19,2,13,2,null,null,2792,151.06,599,164,15,20,1,184,16,35,2,31,7,null,null
K. Diatta,25/02/1999,AS Monaco,LOSC Lille v AS Monaco,23/10/2022,FRA - Ligue 1,2022/2023,Wide Attacker,81.53,16.68,24.35,45.2,10.67,15.28,36.33,6.02,9.07,TRUE,9539,117,1566,769,68,208,13,977,81,111,9,85,21,null,null,null,null,28.9,10529.56,117,1728.62,848.86,75.06,229.6,14.35,1078.45,89.41,122.53,9.93,93.83,23.18,null,null,2750,164.84,652,312,29,97,8,409,37,34,2,21,4,null,null,3640,149.49,708,399,34,92,4,491,38,45,3,32,6,null,null,5565,123.12,983,482,42,140,9,622,51,70,7,52,14,null,null,1778,166.69,435,219,21,85,7,304,28,23,1,15,3,null,null,2203,144.14,424,229,18,36,2,265,20,27,2,18,4,null,null,3974,109.38,583,287,26,68,4,355,30,41,2,33,7,null,null,972,161.55,217,93,8,12,1,105,9,11,1,6,1,null,null,1437,158.49,284,170,16,56,2,226,18,18,1,14,2,null,null
K. Diatta,25/02/1999,AS Monaco,Ferencvarosi TC v AS Monaco,27/10/2022,UEFA - Europa League,2022/2023,Full Back,57.25,14.43,16.02,7.9,2.53,2.43,49.35,11.9,13.58,TRUE,6857,119.77,1346,523,49,113,8,636,57,72,6,69,13,null,null,null,null,27.8,10779.56,119.77,2115.98,822.18,77.03,177.64,12.58,999.83,89.61,113.19,9.43,108.47,20.44,null,null,2071,143.49,474,134,10,22,2,156,12,19,1,15,1,null,null,2729,170.39,732,343,31,89,5,432,36,29,2,23,5,null,null,1120,141.77,232,98,9,32,2,130,11,11,1,11,3,null,null,359,141.71,89,8,0,6,0,14,0,3,0,1,0,null,null,444,182.47,110,79,6,26,1,105,7,2,0,2,1,null,null,5737,116.25,1114,425,40,81,6,506,46,61,5,58,10,null,null,1712,143.87,385,126,10,16,2,142,12,16,1,14,1,null,null,2285,168.22,622,264,25,63,4,327,29,27,2,21,4,null,null
K. Diatta,25/02/1999,AS Monaco,AS Monaco v Red Star Belgrade,03/11/2022,UEFA - Europa League,2022/2023,Wide Attacker,76.52,21.07,23.87,46.3,14.85,13.95,30.22,6.22,9.92,TRUE,9262,121.05,1433,486,47,204,8,690,55,95,5,90,12,null,null,null,null,29.6,10894.1,121.05,1685.52,571.64,55.28,239.95,9.41,811.59,64.69,111.74,5.88,105.86,14.11,null,null,3136,148.86,560,281,23,111,4,392,27,35,1,27,3,null,null,3584,150.17,743,160,16,64,2,224,18,44,2,37,5,null,null,5801,125.29,911,350,31,122,5,472,36,60,4,55,8,null,null,2226,149.9,414,223,17,61,3,284,20,27,1,22,2,null,null,2157,154.62,440,93,9,35,1,128,10,26,2,20,3,null,null,3461,114.54,522,136,16,82,3,218,19,35,1,35,4,null,null,910,146.38,146,58,6,50,1,108,7,8,0,5,1,null,null,1427,143.9,303,67,7,29,1,96,8,18,0,17,2,null,null
K. Diatta,25/02/1999,AS Monaco,AS Monaco v Olympique de Marseille,13/11/2022,FRA - Ligue 1,2022/2023,Wide Attacker,95.82,21.52,33.47,46.45,10.83,16.92,49.37,10.68,16.55,TRUE,10929,114.06,1685,752,70,301,13,1053,83,125,14,99,23,null,null,null,null,30.4,10265.54,114.06,1582.71,706.35,65.75,282.73,12.21,989.08,77.96,117.41,13.15,92.99,21.6,null,null,3352,155.79,649,397,36,211,9,608,45,45,4,27,4,null,null,4728,141.27,902,296,26,82,3,378,29,52,5,41,8,null,null,5655,121.74,983,382,36,158,8,540,44,66,6,54,13,null,null,1677,154.8,316,203,18,106,5,309,23,23,1,13,2,null,null,2586,152.87,589,145,12,51,2,196,14,24,2,22,3,null,null,5274,106.83,702,370,34,143,5,513,39,59,8,45,10,null,null,1675,156.79,333,194,18,105,4,299,22,22,3,14,2,null,null,2142,129.43,313,151,14,31,1,182,15,28,3,19,5,null,null
K. Diatta,25/02/1999,AS Monaco,AS Monaco v Stade Brestois 29,01/01/2023,FRA - Ligue 1,2022/2023,Wide Attacker,73.28,22.18,17.78,48.18,15.05,10.87,25.1,7.13,6.92,TRUE,8332,113.7,1356,666,65,207,15,873,80,95,8,83,18,null,null,null,null,28.8,10232.61,113.7,1665.32,817.92,79.83,254.22,18.42,1072.14,98.25,116.67,9.82,101.93,22.11,null,null,3387,152.68,729,416,29,70,5,486,34,43,3,31,4,null,null,2467,138.73,457,196,28,126,7,322,35,32,4,23,6,null,null,5611,116.45,905,511,45,161,11,672,56,63,5,54,13,null,null,2416,160.53,506,331,22,61,5,392,27,33,2,25,3,null,null,1506,138.59,278,133,17,89,4,222,21,18,2,13,4,null,null,2721,108.41,451,155,20,46,4,201,24,32,3,29,5,null,null,971,136.12,223,85,7,9,0,94,7,10,1,6,1,null,null,961,138.94,179,63,11,37,3,100,14,14,2,10,2,null,null
K. Diatta,25/02/1999,AS Monaco,FC Lorient v AS Monaco,11/01/2023,FRA - Ligue 1,2022/2023,Wide Attacker,64.18,21.63,15.1,47.12,14.8,11.72,17.07,6.83,3.38,TRUE,7784,121.28,1138,549,47,117,6,666,53,75,5,59,12,null,null,null,null,28.7,10914.98,121.28,1595.74,769.83,65.9,164.06,8.41,933.89,74.32,105.17,7.01,82.73,16.83,null,null,3243,149.91,703,327,27,45,3,372,30,36,2,23,4,null,null,2238,148.21,336,194,16,67,2,261,18,22,1,17,3,null,null,5586,118.56,796,431,38,90,6,521,44,56,4,43,8,null,null,2259,152.64,499,268,21,41,3,309,24,28,1,15,3,null,null,1670,142.53,251,142,14,48,2,190,16,16,1,13,2,null,null,2198,128.79,342,118,9,27,0,145,9,19,1,16,4,null,null,984,144,204,59,6,4,0,63,6,8,1,8,1,null,null,568,167.88,85,52,2,19,0,71,2,6,0,4,1,null,null
K. Diatta,25/02/1999,AS Monaco,AS Monaco v AC Ajaccio,15/01/2023,FRA - Ligue 1,2022/2023,Wide Attacker,92.33,33.82,19.58,47.08,20.7,8.03,45.25,13.12,11.55,TRUE,10232,110.82,1234,460,52,171,8,631,60,116,6,96,16,null,null,null,null,29.7,9973.43,110.82,1202.82,448.38,50.69,166.68,7.8,615.05,58.48,113.07,5.85,93.57,15.6,null,null,4558,134.79,632,339,35,153,6,492,41,56,2,40,3,null,null,2728,139.3,491,96,11,11,0,107,11,32,2,22,6,null,null,5260,111.72,606,282,30,95,5,377,35,64,3,52,9,null,null,2724,131.59,337,221,21,87,4,308,25,35,1,28,2,null,null,1169,145.52,203,47,6,8,0,55,6,17,1,8,3,null,null,4972,109.88,628,178,22,76,3,254,25,52,3,44,7,null,null,1834,139.82,295,118,14,66,2,184,16,21,1,12,1,null,null,1559,134.98,288,49,5,3,0,52,5,15,1,14,3,null,null
K. Diatta,25/02/1999,AS Monaco,Olympique de Marseille v AS Monaco,28/01/2023,FRA - Ligue 1,2022/2023,Wide Attacker,68.65,14.8,27.08,46.25,12.28,20.72,22.4,2.52,6.37,TRUE,8262,120.35,1290,521,47,120,5,641,52,86,7,64,13,null,null,null,null,28.6,10831.46,120.35,1691.19,683.03,61.62,157.32,6.55,840.35,68.17,112.75,9.18,83.9,17.04,null,null,2368,160,509,294,25,75,4,369,29,25,3,16,3,null,null,3893,143.74,657,203,17,45,1,248,18,41,1,24,4,null,null,5884,127.22,921,388,31,80,3,468,34,58,5,45,9,null,null,1866,151.91,372,231,18,66,3,297,21,20,3,14,2,null,null,2938,141.82,469,139,10,14,0,153,10,29,0,18,3,null,null,2378,106.16,369,133,16,40,2,173,18,28,2,19,4,null,null,502,199.47,137,63,7,9,1,72,8,5,0,2,1,null,null,955,150,188,64,7,31,1,95,8,12,1,6,1,null,null
K. Diatta,25/02/1999,AS Monaco,Clermont Foot 63 v AS Monaco,05/02/2023,FRA - Ligue 1,2022/2023,Wide Attacker,90.67,23.55,28.7,46.12,13.25,16.17,44.55,10.3,12.53,TRUE,10550,116.36,1703,798,68,159,11,957,79,108,11,86,22,null,null,null,null,27.3,10472.43,116.36,1690.48,792.13,67.5,157.83,10.92,949.96,78.42,107.21,10.92,85.37,21.84,null,null,3645,154.78,810,516,40,115,8,631,48,45,4,26,5,null,null,3858,134.43,724,211,19,23,0,234,19,41,1,31,6,null,null,5589,121.19,907,418,34,65,5,483,39,64,8,49,13,null,null,2067,156,449,308,22,54,4,362,26,22,2,11,3,null,null,2129,131.69,369,70,7,10,0,80,7,27,1,21,3,null,null,4961,111.36,796,380,34,94,6,474,40,44,3,37,9,null,null,1578,153.2,361,208,18,61,4,269,22,23,2,15,2,null,null,1729,137.95,355,141,12,13,0,154,12,14,0,10,3,null,null
K. Diatta,25/02/1999,AS Monaco,AS Monaco v Paris Saint-Germain,11/02/2023,FRA - Ligue 1,2022/2023,Wide Attacker,96.08,26.8,37.48,46.82,12.92,17.13,49.27,13.88,20.35,TRUE,11118,115.71,1493,699,76,338,19,1037,95,124,9,97,28,null,null,null,null,30.3,10414.08,115.71,1398.47,654.74,71.19,316.6,17.8,971.34,88.99,116.15,8.43,90.86,26.23,null,null,3699,138.02,673,395,39,249,12,644,51,50,4,30,5,null,null,5026,134.09,692,258,33,87,3,345,36,52,3,43,13,null,null,5458,116.58,723,357,42,181,11,538,53,58,6,42,18,null,null,1749,135.41,270,174,20,123,6,297,26,22,3,12,3,null,null,2384,139.14,370,146,19,56,2,202,21,21,2,18,8,null,null,5660,114.88,770,342,34,157,8,499,42,66,3,55,10,null,null,1950,140.46,403,221,19,126,6,347,25,28,1,18,2,null,null,2642,129.83,322,112,14,31,1,143,15,31,1,25,5,null,null
K. Diatta,25/02/1999,AS Monaco,Bayer 04 Leverkusen v AS Monaco,16/02/2023,UEFA - Europa League,2022/2023,Wide Attacker,102.88,30.9,32.32,49,16.4,18.02,53.88,14.5,14.3,TRUE,11516,111.93,1767,712,65,125,8,837,73,128,14,99,24,null,null,null,null,29.1,10073.93,111.93,1545.73,622.84,56.86,109.35,7,732.19,63.86,111.97,12.25,86.6,20.99,null,null,4173,135.05,814,375,31,86,5,461,36,49,3,29,5,null,null,4548,140.73,788,307,29,34,2,341,31,49,3,35,10,null,null,5833,119.04,956,363,31,27,3,390,34,64,11,51,15,null,null,2228,135.85,484,226,18,20,3,246,21,27,2,15,4,null,null,2468,136.98,392,121,12,7,0,128,12,22,2,21,5,null,null,5683,105.47,811,349,34,98,5,447,39,64,3,48,9,null,null,1945,134.14,330,149,13,66,2,215,15,22,1,14,1,null,null,2080,145.45,396,186,17,27,2,213,19,27,1,14,5,null,null
K. Diatta,25/02/1999,AS Monaco,Stade Brestois 29 v AS Monaco,19/02/2023,FRA - Ligue 1,2022/2023,Wide Attacker,96.7,27.5,29.22,46.07,14.9,13.8,50.63,12.6,15.42,TRUE,10985,113.6,1427,844,87,341,18,1185,105,118,16,104,26,null,null,null,null,29.4,10223.89,113.6,1328.13,785.52,80.97,317.37,16.75,1102.9,97.72,109.82,14.89,96.79,24.2,null,null,3835,139.45,617,452,43,212,9,664,52,49,5,33,6,null,null,3970,135.88,656,324,36,114,6,438,42,43,6,35,11,null,null,5252,114.01,700,405,45,129,9,534,54,57,11,52,18,null,null,1934,129.8,300,200,21,75,4,275,25,27,3,18,4,null,null,1875,135.87,323,166,19,44,2,210,21,15,5,13,8,null,null,5733,113.23,727,439,42,212,9,651,51,61,5,52,8,null,null,1901,150.87,317,252,22,137,5,389,27,22,2,15,2,null,null,2095,135.89,333,158,17,70,4,228,21,28,1,22,3,null,null
K. Diatta,25/02/1999,AS Monaco,AS Monaco v Bayer 04 Leverkusen,23/02/2023,UEFA - Europa League,2022/2023,Wide Attacker,94.52,31.83,29.33,46.1,14.92,14.33,48.42,16.92,15,TRUE,11477,121.43,1751,735,76,272,14,1007,90,126,15,120,24,null,null,null,null,29.3,10928.55,121.43,1667.32,699.88,72.37,259,13.33,958.88,85.7,119.98,14.28,114.27,22.85,null,null,4578,143.81,760,331,32,169,5,500,37,50,3,39,4,null,null,4406,150.2,872,374,38,100,4,474,42,51,6,37,12,null,null,5770,125.16,905,343,36,133,6,476,42,65,8,58,14,null,null,2140,143.46,330,154,14,80,2,234,16,22,1,17,2,null,null,2295,160.12,505,176,21,50,2,226,23,30,3,21,8,null,null,5707,117.87,846,392,40,139,8,531,48,61,7,62,10,null,null,2438,144.12,430,177,18,89,3,266,21,28,2,22,2,null,null,2111,140.73,367,198,17,50,2,248,19,21,3,16,4,null,null
K. Diatta,25/02/1999,AS Monaco,AS Monaco v OGC Nice,26/02/2023,FRA - Ligue 1,2022/2023,Full Back,94.32,37.35,27.13,47.15,19.65,11.58,47.17,17.7,15.55,TRUE,11113,117.83,1777,494,50,101,8,595,58,108,5,98,17,null,null,null,null,27.3,10604.38,117.83,1695.67,471.39,47.71,96.38,7.63,567.77,55.35,103.06,4.77,93.51,16.22,null,null,5131,137.38,949,300,31,81,4,381,35,55,3,43,7,null,null,3482,128.33,641,155,15,19,2,174,17,43,1,30,5,null,null,5690,120.68,937,266,26,54,4,320,30,58,2,51,11,null,null,2767,140.81,559,146,16,45,2,191,18,32,2,26,6,null,null,1561,134.76,262,104,8,9,1,113,9,19,0,13,2,null,null,5423,114.98,840,228,24,47,4,275,28,50,3,47,6,null,null,2364,133.56,390,154,15,36,2,190,17,23,1,17,1,null,null,1921,123.54,379,51,7,10,1,61,8,24,1,17,3,null,null
K. Diatta,25/02/1999,AS Monaco,ES Troyes AC v AS Monaco,05/03/2023,FRA - Ligue 1,2022/2023,Wide Attacker,66.1,25.43,17.17,45.15,16.15,12.03,20.95,9.28,5.13,TRUE,8028,121.45,1088,568,62,166,10,734,72,102,10,76,19,null,null,null,null,29.2,10930.71,121.45,1481.39,773.37,84.42,226.02,13.62,999.39,98.03,138.88,13.62,103.48,25.87,null,null,3741,147.09,624,355,37,120,7,475,44,51,4,31,3,null,null,2391,139.28,413,193,19,29,1,222,20,36,3,23,5,null,null,5497,121.75,692,465,49,143,9,608,58,73,9,51,16,null,null,2369,146.69,368,284,29,115,7,399,36,31,3,18,2,null,null,1729,143.68,299,161,15,11,1,172,16,29,3,19,4,null,null,2531,120.81,396,103,13,23,1,126,14,29,1,25,3,null,null,1372,147.79,256,71,8,5,0,76,8,20,1,13,1,null,null,662,128.96,114,32,4,18,0,50,4,7,0,4,1,null,null
K. Diatta,25/02/1999,AS Monaco,AS Monaco v Stade de Reims,12/03/2023,FRA - Ligue 1,2022/2023,Wide Attacker,45.17,13.15,15.75,45.13,13.15,15.75,0.03,0,0,TRUE,5518,122.17,765,331,37,139,9,470,46,67,9,55,16,null,null,null,null,29,10995.28,122.17,1524.35,659.56,73.73,276.97,17.93,936.53,91.66,133.51,17.93,109.59,31.88,null,null,1935,147.15,372,182,19,102,5,284,24,24,2,14,2,null,null,2170,137.78,331,138,16,34,2,172,18,23,2,17,7,null,null,5518,122.26,765,331,37,139,9,470,46,67,9,55,16,null,null,1935,147.15,372,182,19,102,5,284,24,24,2,14,2,null,null,2170,137.78,331,138,16,34,2,172,18,23,2,17,7,null,null,null,null,null,null,null,null,null,null,null,null,null,null,null,null,null,null,null,null,null,null,null,null,null,null,null,null,null,null,null,null,null,null,null,null,null,null,null,null,null,null,null,null,null,null,null
K. Diatta,25/02/1999,AS Monaco,FC Nantes v AS Monaco,09/04/2023,FRA - Ligue 1,2022/2023,Wide Attacker,97.5,25.63,23.83,47.27,14.35,11.02,50.23,11.28,12.82,TRUE,11369,116.61,1643,700,65,259,16,959,81,106,6,92,19,null,null,null,null,29,10494.46,116.61,1516.62,646.15,60,239.08,14.77,885.23,74.77,97.85,5.54,84.92,17.54,null,null,3950,154.1,771,452,33,174,9,626,42,46,4,30,4,null,null,3658,153.48,668,204,25,85,6,289,31,34,1,30,4,null,null,5614,118.77,948,384,31,104,6,488,37,53,4,50,9,null,null,2198,153.17,475,276,18,81,4,357,22,27,3,19,3,null,null,1644,149.23,330,80,10,23,2,103,12,15,1,14,2,null,null,5755,114.57,695,316,34,155,10,471,44,53,2,42,10,null,null,1752,155.27,296,176,15,93,5,269,20,19,1,11,1,null,null,2014,157.14,338,124,15,62,4,186,19,19,0,16,2,null,null
K. Diatta,25/02/1999,AS Monaco,AS Monaco v FC Lorient,16/04/2023,FRA - Ligue 1,2022/2023,Wide Attacker,91.92,25.92,28.58,47.3,14.6,13.58,44.62,11.32,15,TRUE,10582,115.13,1482,614,63,193,11,807,74,118,8,106,20,null,null,null,null,28.2,10361.34,115.13,1451.1,601.2,61.69,188.98,10.77,790.17,72.46,115.54,7.83,103.79,19.58,null,null,3706,143,625,399,37,148,8,547,45,50,3,35,4,null,null,4057,141.94,721,175,20,37,2,212,22,43,2,34,7,null,null,5449,115.2,756,257,30,97,5,354,35,68,5,55,11,null,null,1993,136.51,269,170,18,87,4,257,22,30,2,20,2,null,null,1983,145.99,406,68,8,5,0,73,8,20,1,15,2,null,null,5133,115.05,726,357,33,96,6,453,39,50,3,51,9,null,null,1713,151.37,356,229,19,61,4,290,23,20,1,15,2,null,null,2074,138.27,315,107,12,32,2,139,14,23,1,19,5,null,null
K. Diatta,25/02/1999,AS Monaco,RC Lens v AS Monaco,22/04/2023,FRA - Ligue 1,2022/2023,Wide Attacker,71.5,13.35,26.57,48.05,8.95,18.52,23.45,4.4,8.05,TRUE,8546,119.52,1553,573,57,57,7,630,64,80,8,68,14,null,null,null,null,27.1,10757.2,119.52,1954.83,721.26,71.75,71.75,8.81,793.01,80.56,100.7,10.07,85.59,17.62,null,null,2112,158.2,491,202,20,25,3,227,23,24,2,15,3,null,null,4007,150.83,908,328,32,32,2,360,34,45,5,31,6,null,null,5845,121.64,1055,382,40,53,6,435,46,55,6,43,10,null,null,1411,157.65,326,134,15,22,3,156,18,15,1,9,2,null,null,2834,153.05,645,209,22,31,2,240,24,34,4,21,5,null,null,2701,115.18,498,191,17,4,1,195,18,25,2,25,4,null,null,701,159.32,165,68,5,3,0,71,5,9,1,6,1,null,null,1173,145.71,263,119,10,1,0,120,10,11,1,10,1,null,null
K. Diatta,25/02/1999,AS Monaco,AS Monaco v Montpellier Hérault SC,30/04/2023,FRA - Ligue 1,2022/2023,Wide Attacker,45.23,9.62,12.52,0,0,0,45.23,9.62,12.52,TRUE,5193,114.8,771,312,25,29,4,341,29,57,5,46,12,null,null,null,null,26,10332.42,114.8,1534.05,620.78,49.74,57.7,7.96,678.48,57.7,113.41,9.95,91.53,23.88,null,null,1424,148.08,312,112,7,10,1,122,8,17,1,10,3,null,null,1913,152.84,362,166,17,18,2,184,19,24,1,17,4,null,null,null,null,null,null,null,null,null,null,null,null,null,null,null,null,null,null,null,null,null,null,null,null,null,null,null,null,null,null,null,null,null,null,null,null,null,null,null,null,null,null,null,null,null,null,null,5193,114.8,771,312,25,29,4,341,29,57,5,46,12,null,null,1424,148.08,312,112,7,10,1,122,8,17,1,10,3,null,null,1913,152.84,362,166,17,18,2,184,19,24,1,17,4,null,null
K. Diatta,25/02/1999,AS Monaco,Angers SCO v AS Monaco,07/05/2023,FRA - Ligue 1,2022/2023,Full Back,89.53,20.42,30.33,47.12,12.68,14.27,42.42,7.73,16.07,TRUE,10276,114.77,1215,763,65,200,10,963,75,100,8,84,17,null,null,null,null,28.4,10329.56,114.77,1221.33,766.98,65.34,201.04,10.05,968.02,75.39,100.52,8.04,84.44,17.09,null,null,3164,154.97,540,440,32,134,6,574,38,32,3,25,4,null,null,3949,130.19,536,253,26,41,3,294,29,46,2,36,7,null,null,5541,117.6,679,467,38,125,6,592,44,55,5,46,12,null,null,1974,155.64,326,292,21,70,4,362,25,21,2,18,3,null,null,1881,131.85,265,130,14,34,2,164,16,25,1,17,4,null,null,4735,111.63,536,296,27,75,4,371,31,45,3,38,5,null,null,1190,153.88,214,148,11,64,2,212,13,11,1,7,1,null,null,2068,128.71,271,123,12,7,1,130,13,21,1,19,3,null,null
K. Diatta,25/02/1999,AS Monaco,Stade de Reims v AS Monaco,07/10/2023,FRA - Ligue 1,2023/2024,Full Back,98.07,23.17,27.38,47,12.3,10.92,51.07,10.87,16.47,TRUE,11296,115.19,1785,841,72,279,13,1120,85,106,9,86,23,6,0.8,2,1.71,29.7,10366.83,115.19,1638.17,771.82,66.08,256.05,11.93,1027.87,78.01,97.28,8.26,78.93,21.11,5.51,1.84,3447,148.79,691,286,26,88,4,374,30,34,3,24,5,2,0,4330,158.13,871,513,38,97,8,610,46,53,3,32,9,2,1,5392,114.72,798,420,35,182,7,602,42,56,4,45,11,2,1,1841,149.67,370,160,13,68,2,228,15,22,2,15,3,1,0,1766,161.77,314,238,18,37,4,275,22,25,1,15,4,0,0,5904,115.61,987,421,37,97,6,518,43,50,5,41,12,4,1,1606,147.79,321,126,13,20,2,146,15,12,1,9,2,0,0,2564,155.71,557,275,20,60,4,335,24,28,2,17,5,2,0
K. Diatta,25/02/1999,AS Monaco,AS Monaco v FC Metz,22/10/2023,FRA - Ligue 1,2023/2024,Full Back,97.27,40.85,15.2,48.45,23.83,6.05,48.82,17.02,9.15,TRUE,10981,112.9,1469,707,63,239,12,946,75,96,12,89,16,8,0.66,2,1.3,30.7,10160.62,112.9,1359.25,654.18,58.29,221.14,11.1,875.33,69.4,88.83,11.1,82.35,14.8,7.4,1.85,5137,125.75,749,359,31,114,4,473,35,34,6,35,5,3,1,2485,163.49,577,302,25,107,5,409,30,31,2,15,4,2,0,5589,115.36,734,359,30,115,4,474,34,49,6,52,7,4,0,3039,127.51,454,218,19,69,2,287,21,18,3,23,2,2,0,983,162.48,214,126,9,45,2,171,11,14,1,8,1,1,0,5392,110.45,735,348,33,124,8,472,41,47,6,37,9,4,2,2098,123.29,295,141,12,45,2,186,14,16,3,12,3,1,1,1502,164.15,363,176,16,62,3,238,19,17,1,7,3,1,0
K. Diatta,25/02/1999,AS Monaco,LOSC Lille v AS Monaco,29/10/2023,FRA - Ligue 1,2023/2024,Full Back,95.43,29.25,17.85,46.2,13.23,12,49.23,16.02,5.85,TRUE,10419,109.18,1444,599,50,116,8,715,58,109,9,81,16,7,0.68,3,1.22,29.1,9825.81,109.18,1361.79,564.9,47.15,109.4,7.54,674.29,54.7,102.79,8.49,76.39,15.09,6.6,2.83,4041,138.15,673,312,25,78,4,390,29,40,6,27,7,5,2,2797,156.69,537,228,19,32,2,260,21,32,1,20,3,0,0,5530,119.7,970,335,29,46,4,381,33,59,4,44,9,2,1,1935,146.22,418,145,11,19,1,164,12,19,2,12,3,1,0,1951,162.58,414,166,13,26,2,192,15,21,1,15,2,0,0,4889,99.3,474,264,21,70,4,334,25,50,5,37,7,5,2,2106,131.49,255,167,14,59,3,226,17,21,4,15,4,4,2,846,144.62,123,62,6,6,0,68,6,11,0,5,1,0,0
K. Diatta,25/02/1999,AS Monaco,AS Monaco v Stade Brestois 29,05/11/2023,FRA - Ligue 1,2023/2024,Full Back,101,23.02,28.32,49.52,11.37,12.67,51.48,11.65,15.65,TRUE,11507,113.93,1735,817,64,226,12,1043,76,124,11,110,13,6,0.66,3,1.37,28.8,10253.76,113.93,1546.04,728.02,57.03,201.39,10.69,929.41,67.72,110.5,9.8,98.02,11.58,5.35,2.67,3275,142.29,617,343,24,97,4,440,28,31,3,24,1,2,1,4289,151.47,905,373,33,128,7,501,40,58,4,45,6,2,1,5697,115.05,981,453,31,86,4,539,35,61,5,49,6,2,1,1678,147.62,340,214,12,46,1,260,13,18,2,13,1,1,1,2042,161.21,513,183,13,39,2,222,15,27,1,18,2,0,0,5810,112.85,754,364,33,140,8,504,41,63,6,61,7,4,2,1597,137.08,277,129,12,51,3,180,15,13,1,11,0,0,0,2247,143.58,392,190,20,89,5,279,25,31,3,27,4,2,1
K. Diatta,25/02/1999,AS Monaco,Le Havre AC v AS Monaco,11/11/2023,FRA - Ligue 1,2023/2024,Full Back,47.05,15.4,9.82,47.03,15.38,9.82,0.02,0.02,0,TRUE,5408,114.94,755,412,32,73,6,485,38,64,6,54,11,3,0.77,1,2.13,26.5,10344.74,114.94,1444.21,788.1,61.21,139.64,11.48,927.74,72.69,122.42,11.48,103.29,21.04,5.74,1.91,2036,132.21,373,183,12,12,1,195,13,26,2,21,2,2,0,1644,167.47,322,207,15,60,4,267,19,23,3,15,4,1,1,5408,114.98,755,412,32,73,6,485,38,64,6,54,11,3,1,2036,132.35,373,183,12,12,1,195,13,26,2,21,2,2,0,1644,167.47,322,207,15,60,4,267,19,23,3,15,4,1,1,null,null,null,null,null,null,null,null,null,null,null,null,null,null,null,null,null,null,null,null,null,null,null,null,null,null,null,null,null,null,null,null,null,null,null,null,null,null,null,null,null,null,null,null,null
K. Diatta,25/02/1999,AS Monaco,AS Monaco v Olympique Lyonnais,15/12/2023,FRA - Ligue 1,2023/2024,Full Back,96.3,33.67,22.43,45.1,15.67,13.47,51.2,18,8.97,TRUE,11283,117.17,1700,823,80,276,18,1099,98,130,11,111,26,10,0.63,6,1.24,30.7,10544.86,117.17,1588.79,769.16,74.77,257.94,16.82,1027.1,91.59,121.5,10.28,103.74,24.3,9.35,5.61,4563,135.53,712,336,33,110,8,446,41,44,5,39,6,5,3,3548,158.16,795,449,39,157,9,606,48,45,4,29,11,3,2,5688,126.12,855,510,49,171,13,681,62,71,7,56,20,6,4,2083,132.96,278,166,15,55,4,221,19,21,2,14,4,2,1,2222,165,479,320,28,116,8,436,36,27,4,18,10,3,2,5595,109.28,845,313,31,105,5,418,36,59,4,55,6,4,2,2480,137.78,434,170,18,55,4,225,22,23,3,25,2,3,2,1326,147.88,316,129,11,41,1,170,12,18,0,11,1,0,0
K. Diatta,25/02/1999,AS Monaco,Stade Brestois 29 v AS Monaco,21/04/2024,FRA - Ligue 1,2023/2024,Wide Attacker,100.92,22.2,29.53,48.03,12.22,15.5,52.88,9.98,14.03,TRUE,10708,106.11,1527,592,61,183,10,775,71,112,12,87,24,5,0.66,1,1.92,29.7,9549.66,106.11,1361.82,527.96,54.4,163.2,8.92,691.16,63.32,99.88,10.7,77.59,21.4,4.46,0.89,2967,133.65,534,250,24,83,4,333,28,38,3,24,4,1,1,4223,142.99,854,297,30,80,4,377,34,47,4,30,10,2,0,5335,111.07,842,278,30,86,4,364,34,64,8,45,18,1,0,1591,130.23,329,132,12,22,1,154,13,21,2,13,3,0,0,2160,139.35,435,122,15,51,2,173,17,28,2,15,7,1,0,5373,101.6,685,314,31,97,6,411,37,48,4,42,6,3,1,1376,137.83,205,118,12,61,3,179,15,17,1,11,1,1,1,2063,147.01,419,175,15,29,2,204,17,19,2,15,3,2,0
K. Diatta,25/02/1999,AS Monaco,Olympique Lyonnais v AS Monaco,28/04/2024,FRA - Ligue 1,2023/2024,Full Back,99.25,28.88,25.95,49.25,11.85,15.13,50,17.03,10.82,TRUE,10911,109.93,1587,640,67,266,14,906,81,111,11,100,21,8,0.77,5,1.43,30.1,9894.11,109.93,1439.09,580.35,60.76,241.21,12.7,821.56,73.45,100.65,9.97,90.68,19.04,7.25,4.53,3688,127.69,599,177,19,39,2,216,21,35,2,26,4,1,1,3874,149.29,786,412,40,209,10,621,50,48,5,38,6,4,2,5366,108.95,821,413,40,152,8,565,48,56,6,47,12,4,3,1564,131.98,296,84,10,23,1,107,11,15,0,9,2,0,0,2223,146.89,435,308,25,120,6,428,31,28,3,25,3,2,2,5545,110.9,766,227,27,114,6,341,33,55,5,53,9,4,1,2124,124.7,303,93,9,16,1,109,10,20,2,17,2,1,1,1651,152.63,351,104,15,89,4,193,19,20,2,13,3,2,0
K. Diatta,25/02/1999,AS Monaco,AS Monaco v LOSC Lille,24/04/2024,FRA - Ligue 1,2023/2024,Full Back,96.4,25.38,29.58,46.2,13.37,14.58,50.2,12.02,15,TRUE,10558,109.52,1440,619,64,214,11,833,75,136,16,111,28,14,0.65,4,1.2,29.8,9857.05,109.52,1344.4,577.9,59.75,199.79,10.27,777.7,70.02,126.97,14.94,103.63,26.14,13.07,3.73,3362,132.45,570,144,17,31,2,175,19,39,2,33,3,1,0,4140,139.94,719,443,40,170,7,613,47,63,8,36,13,7,3,5255,113.74,702,345,36,165,7,510,43,62,10,57,14,9,2,1823,136.38,287,79,9,21,1,100,10,19,1,18,2,1,0,2017,138.31,342,252,22,137,4,389,26,29,4,18,6,3,1,5303,105.64,738,274,28,49,4,323,32,74,6,54,14,5,2,1539,128.07,283,65,8,10,1,75,9,20,1,15,1,0,0,2123,141.53,377,191,18,33,3,224,21,34,4,18,7,4,2
K. Diatta,25/02/1999,AS Monaco,AS Monaco v Clermont Foot 63,04/05/2024,FRA - Ligue 1,2023/2024,Full Back,99,29.62,19.12,48.02,15.67,9.95,50.98,13.95,9.17,TRUE,10662,107.7,1328,676,63,201,13,877,76,99,6,86,15,5,0.76,0,null,29.5,9692.73,107.7,1207.27,614.55,57.27,182.73,11.82,797.27,69.09,90,5.45,78.18,13.64,4.55,0,4015,135.57,601,283,25,84,5,367,30,32,2,24,5,2,0,3127,163.57,580,359,31,88,5,447,36,36,2,23,4,1,0,5430,113.09,738,337,27,36,4,373,31,50,2,44,7,2,0,2136,136.34,365,139,10,15,1,154,11,14,1,12,2,1,0,1657,166.53,320,197,14,20,2,217,16,17,1,11,2,0,0,5232,102.62,590,339,36,165,9,504,45,49,4,42,8,3,0,1879,134.7,236,144,15,69,4,213,19,18,1,12,3,1,0,1470,160.36,260,162,17,68,3,230,20,19,1,12,2,1,0
K. Diatta,25/02/1999,AS Monaco,Montpellier Hérault SC v AS Monaco,12/05/2024,FRA - Ligue 1,2023/2024,Full Back,87.37,26.97,22.07,46.97,16.3,12.88,40.4,10.67,9.18,TRUE,9930,113.66,1367,514,60,254,13,768,73,101,11,86,16,9,0.56,4,1.11,30.6,10229.3,113.66,1408.2,529.49,61.81,261.66,13.39,791.15,75.2,104.04,11.33,88.59,16.48,9.27,4.12,3502,129.86,487,179,27,153,7,332,34,36,4,29,3,3,1,3317,150.32,725,310,29,79,4,389,33,39,3,27,6,2,1,5501,117.13,784,278,36,181,8,459,44,55,4,47,9,4,3,2161,132.58,309,103,15,91,4,194,19,20,1,17,2,1,1,1883,146.16,419,171,18,69,4,240,22,21,1,16,4,1,0,4429,109.63,583,236,24,73,5,309,29,46,7,39,7,5,1,1341,125.72,178,76,12,62,3,138,15,16,3,12,1,2,1,1434,156.15,306,139,11,10,0,149,11,18,2,11,2,2,0
K. Diatta,25/02/1999,AS Monaco,AS Monaco v FC Nantes,19/05/2024,FRA - Ligue 1,2023/2024,Full Back,66.1,22.87,13.02,49.02,15.7,7.88,17.08,7.17,5.13,TRUE,6961,105.31,930,436,48,239,14,675,62,79,8,64,16,7,0.72,4,1.38,30.6,9477.91,105.31,1266.26,593.65,65.36,325.42,19.06,919.06,84.42,107.56,10.89,87.14,21.79,9.53,5.45,2735,119.61,336,191,18,68,5,259,23,29,5,22,4,4,4,2015,154.8,431,189,20,145,5,334,25,28,2,17,4,2,0,4910,100.17,590,277,34,187,10,464,44,56,6,46,13,6,3,1886,120.13,240,154,16,50,4,204,20,20,4,18,3,4,3,1235,156.66,227,91,12,112,3,203,15,19,1,10,3,1,0,2051,120.06,340,159,14,52,4,211,18,23,2,18,3,1,1,849,118.47,96,37,2,18,1,55,3,9,1,4,1,0,0,780,151.95,204,98,8,33,2,131,10,9,1,7,1,1,0
K. Diatta,25/02/1999,AS Monaco,OGC Nice v AS Monaco,27/10/2024,FRA - Ligue 1,2024/2025,Full Back,49.28,13.87,14.03,0,0,0,49.28,13.87,14.03,TRUE,5340,108.35,647,332,39,258,9,590,48,54,5,42,13,4,0.62,2,1.49,31.6,9751.78,108.35,1181.54,606.29,71.22,471.15,16.44,1077.44,87.66,98.61,9.13,76.7,23.74,7.3,3.65,1743,125.7,245,78,11,22,1,100,12,15,2,11,2,1,0,2204,157.05,353,253,27,217,8,470,35,29,1,16,3,1,1,null,null,null,null,null,null,null,null,null,null,null,null,null,null,null,null,null,null,null,null,null,null,null,null,null,null,null,null,null,null,null,null,null,null,null,null,null,null,null,null,null,null,null,null,null,5340,108.35,647,332,39,258,9,590,48,54,5,42,13,4,2,1743,125.7,245,78,11,22,1,100,12,15,2,11,2,1,0,2204,157.05,353,253,27,217,8,470,35,29,1,16,3,1,1
K. Diatta,25/02/1999,AS Monaco,AS Monaco v Angers SCO,01/11/2024,FRA - Ligue 1,2024/2025,Full Back,100.13,36,19.13,50.07,17.58,11.13,50.07,18.42,8,TRUE,11359,113.44,1901,697,59,144,9,841,68,112,8,95,16,7,0.72,1,1.43,28.3,10209.49,113.44,1708.62,626.46,53.03,129.43,8.09,755.89,61.12,100.67,7.19,85.39,14.38,6.29,0.9,5105,141.81,906,163,19,30,2,193,21,39,3,30,2,2,0,3254,170.07,852,453,33,114,6,567,39,47,3,30,6,3,1,6006,119.96,1015,386,33,102,7,488,40,63,3,55,10,3,1,2587,147.13,443,72,8,11,1,83,9,18,1,16,1,1,0,1965,176.5,492,269,21,91,5,360,26,30,2,19,4,2,1,5353,106.92,886,311,26,42,2,353,28,49,5,40,6,4,0,2518,136.72,463,91,11,19,1,110,12,21,2,14,1,1,0,1289,161.12,360,184,12,23,1,207,13,17,1,11,2,1,0
K. Diatta,25/02/1999,AS Monaco,SL Benfica v AS Monaco,18/02/2025,UEFA - Champions League,2024/2025,Full Back,103.4,29.62,20.6,49.08,15.78,10.75,54.32,13.83,9.85,TRUE,10954,105.94,1541,657,61,236,15,893,76,125,10,110,20,9,0.8,2,1.54,29.3,9534.43,105.94,1341.3,571.86,53.09,205.42,13.06,777.27,66.15,108.8,8.7,95.74,17.41,7.83,1.74,3953,133.47,668,305,31,128,6,433,37,48,5,34,6,5,1,3226,156.6,664,294,25,89,6,383,31,43,3,32,4,2,1,5716,116.46,840,475,41,168,13,643,54,65,5,63,10,5,1,2196,139.13,417,245,20,85,5,330,25,27,3,21,3,3,0,1687,156.93,320,191,16,69,6,260,22,21,2,16,2,2,1,5238,96.43,701,182,20,68,2,250,22,60,5,47,10,4,1,1757,127.01,251,60,11,43,1,103,12,21,2,13,3,2,1,1539,156.24,344,103,9,20,0,123,9,22,1,16,2,0,0
K. Diatta,25/02/1999,AS Monaco,LOSC Lille v AS Monaco,22/02/2025,FRA - Ligue 1,2024/2025,Full Back,67.77,21.05,19.92,47.57,15.2,13.58,20.2,5.85,6.33,TRUE,7691,113.49,1292,445,36,23,3,468,39,86,3,74,15,3,0.86,0,null,25.1,10214.31,113.49,1715.89,591,47.81,30.55,3.98,621.54,51.8,114.22,3.98,98.28,19.92,3.98,0,2676,127.13,457,191,10,13,1,204,11,24,1,19,3,0,0,2910,146.11,664,223,19,10,2,233,21,37,1,27,7,1,0,5251,110.39,821,345,26,14,2,359,28,57,2,48,11,2,0,1906,125.39,296,164,9,10,1,174,10,17,0,13,2,0,0,1967,144.81,431,164,13,4,1,168,14,21,1,16,4,1,0,2440,120.79,471,100,10,9,1,109,11,29,1,26,4,0,0,770,131.62,161,27,1,3,0,30,1,7,1,6,1,0,0,943,148.89,233,59,6,6,1,65,7,16,0,11,3,0,0